<beans xmlns="http://www.springframework.org/schema/beans"
	xmlns:context="http://www.springframework.org/schema/context"
	xmlns:xsi="http://www.w3.org/2001/XMLSchema-instance"
	xmlns:task="http://www.springframework.org/schema/task"
	xsi:schemaLocation="
	 http://www.springframework.org/schema/beans http://www.springframework.org/schema/beans/spring-beans-3.2.xsd
		http://www.springframework.org/schema/tx http://www.springframework.org/schema/tx/spring-tx-3.2.xsd
		http://www.springframework.org/schema/context
                           http://www.springframework.org/schema/context/spring-context-3.2.xsd
                           http://www.springframework.org/schema/mvc
                           http://www.springframework.org/schema/mvc/spring-mvc-3.2.xsd
                           http://www.springframework.org/schema/task 
                           
http://www.springframework.org/schema/task/spring-task-3.0.xsd
                           
        http://www.springframework.org/schema/task/spring-task-3.1.xsd" 
       xmlns:mvc="http://www.springframework.org/schema/mvc" xmlns:tx="http://www.springframework.org/schema/tx">
	<context:component-scan base-package="com.impetus.filmduniya" />
	<context:property-placeholder location="classpath:database.properties" /><!-- location="classpath:database.properties,classpath:mail.properties" /> -->
	
	<mvc:annotation-driven /> 
   <task:annotation-driven />
	<bean id="dataSource"
		class="org.springframework.jdbc.datasource.DriverManagerDataSource">
		<property name="driverClassName" value="${jdbc.driverClassName}" />
		<property name="url" value="${jdbc.url}" />
		<property name="username" value="${jdbc.username}" />
		<property name="password" value="${jdbc.password}" />
	</bean>

	<bean id="sessionFactory"
		class="org.springframework.orm.hibernate4.LocalSessionFactoryBean">
		<property name="dataSource" ref="dataSource" />
		<property name="packagesToScan" value="com.impetus.filmduniya.dto" />
		<property name="hibernateProperties">
			<props>
				<prop key="hibernate.dialect">org.hibernate.dialect.MySQLDialect</prop>
				<prop key="hibernate.show_sql">true</prop>
				     <!-- <prop key="hibernate.hbm2ddl.auto">create</prop> --> 
			</props>
		</property>
	</bean>

	<tx:annotation-driven transaction-manager="transactionManager" />
	<context:component-scan 
    base-package="com.impetus.filmduniya.dao" />
  <context:component-scan 
    base-package="com.impetus.filmduniya.service" />

	<bean id="transactionManager"
		class="org.springframework.orm.hibernate4.HibernateTransactionManager">
		<property name="sessionFactory" ref="sessionFactory" />
	</bean>
	<bean
		class="org.springframework.web.servlet.view.InternalResourceViewResolver">
		<property name="prefix">
			<value>/WEB-INF/Views/</value>
		</property>
		<property name="suffix">
			<value>.jsp</value>
		</property>
	</bean>
	<bean id="multipartResolver"
  class="org.springframework.web.multipart.commons.CommonsMultipartResolver"/>
   <bean id="mailSender" class="org.springframework.mail.javamail.JavaMailSenderImpl">
	<property name="host" value="smtp.gmail.com" /><!-- value="${email.host}"/> -->
	<property name="port" value="587" /><!-- value="${email.port}"/> -->
	<property name="username" value="filmduniya01@gmail.com" /><!-- value="${email.username}"/> -->
	<property name="password" value="filmduniya123" /><!-- value="${email.password}"/> -->
 
	<property name="javaMailProperties">
	   <props>
       	      <prop key="mail.smtp.auth">true</prop>
       	      <prop key="mail.smtp.starttls.enable">true</prop>
       	   </props>
	</property>
</bean> 


 
<bean id="mail" class="com.impetus.filmduniya.mail.MailSend">
	<property name="mailSender" ref="mailSender" />
</bean>

<bean id="fileValidator" class="com.impetus.filmduniya.vo.FileValidator" />
      

		<mvc:resources mapping="/resources/**" location="/resources/" />
	
<bean id="viewResolver1" class="org.springframework.web.servlet.view.ResourceBundleViewResolver">
        <property name="order" value="1"/>
        <property name="basename" value="views"/>
	</bean>
	
	<bean id="messageSource"
		class="org.springframework.context.support.ResourceBundleMessageSource">
		<property name="basenames">
			<list>
				<value>mymessages</value>
			</list>
		</property>
	</bean>
	
	
	<bean id="csvScheduler"
	class="com.impetus.filmduniya.service.CsvScheduler">
	</bean>
<mvc:resources mapping="/images/**" location="/images/" />
</beans>