<?xml version="1.0" encoding="UTF-8"?>
<beans:beans xmlns="http://www.springframework.org/schema/security"
	xmlns:context="http://www.springframework.org/schema/context"
	xmlns:beans="http://www.springframework.org/schema/beans" xmlns:xsi="http://www.w3.org/2001/XMLSchema-instance"
	xsi:schemaLocation="http://www.springframework.org/schema/beans
http://www.springframework.org/schema/beans/spring-beans-3.2.xsd
http://www.springframework.org/schema/security
http://www.springframework.org/schema/security/spring-security-3.2.xsd
http://www.springframework.org/schema/context
                           http://www.springframework.org/schema/context/spring-context-3.2.xsd">

	<context:component-scan base-package="com.impetus" />
	<http auto-config="true">
	 <intercept-url pattern="/book" access="ROLE_USER,ROLE_ADMIN" />
	 <intercept-url pattern="/books" access="ROLE_USER,ROLE_ADMIN" />
	 <intercept-url pattern="/userBookingHistory" access="ROLE_USER,ROLE_ADMIN" />
	  <intercept-url pattern="/book" access="ROLE_USER,ROLE_ADMIN" />
	  <!-- <intercept-url pattern="/SearchMovie" access="ROLE_ADMIN,ROLE_USER" /> -->
	 
		 
		 <form-login login-page="/Welcome" authentication-failure-url="/faillogin" default-target-url="/" /> 
		<logout logout-success-url="/logoff" invalidate-session="true"/>
	</http>

	<authentication-manager>
		<authentication-provider>
			<jdbc-user-service data-source-ref="dataSource"
				users-by-username-query="select emailId,password, enabled from user where emailId=?"
				authorities-by-username-query="select u.emailId, r.role from user u, roles r where u.roleId = r.roleId and u.emailId=?" />
		</authentication-provider>
	</authentication-manager>
</beans:beans>